1;Carlos;Tres Cantos;Calle de los Perdidos;654123789;111111111A
2;Maria;Soto del Real;Calle Casillas;654123790;222222222S
3;Paula;Colmenar;Av. España;654123791;333333333D
4;Monica;Tres Cantos;Av. De la hoz;654123792;444444444W
5;Manu;Guadalix;Sector Escultores;654123793;555555555Q
6;Alejandro;Madrid;plaza Castilla;654123794;666666666Y
7;Miguel;Colmenar;Calle Astilleros;654123795;777777777V
8;Sara;Barcelona;Calle Planetas;654123796;888888888P
9;Juan;Tres Cantos;Sector Literatos;654123797;999999999K
10;Laura;Madrid;Calle Madrid;654123798;121212121R
